{
  "last_build_time": 1755531975.221355,
  "nodes_count": 253291,
  "edges_count": 473925,
  "build_date": "2025-08-18T21:16:15.359440"
}