{
  "last_build_time": 1754820845.469453,
  "nodes_count": 253291,
  "edges_count": 275558,
  "build_date": "2025-08-10T15:44:05.523955"
}