{
  "last_build_time": 1755504856.575102,
  "nodes_count": 253291,
  "edges_count": 275558,
  "build_date": "2025-08-18T13:44:16.667556"
}