{
  "last_build_time": 1755531675.869425,
  "nodes_count": 253291,
  "edges_count": 471563,
  "build_date": "2025-08-18T21:11:15.952536"
}